user-agent,share
"Mozilla/5.0 (Windows NT 10.0; Win64; x64) AppleWebKit/537.36 (KHTML, like Gecko) Chrome/122.0.0.0 Safari/537.3",24.31
"Mozilla/5.0 (Macintosh; Intel Mac OS X 10_15_7) AppleWebKit/605.1.15 (KHTML, like Gecko) Version/17.3.1 Safari/605.1.1",23.33
"Mozilla/5.0 (Macintosh; Intel Mac OS X 10_15_7) AppleWebKit/605.1.15 (KHTML, like Gecko) Version/16.6 Safari/605.1.1",14.12
"Mozilla/5.0 (Macintosh; Intel Mac OS X 10_12_6) AppleWebKit/537.36 (KHTML, like Gecko) Chrome/103.0.0.0 Safari/537.3",13.92
"Mozilla/5.0 (Windows NT 10.0; Win64; x64) AppleWebKit/537.36 (KHTML, like Gecko) Chrome/122.0.0.0 Safari/537.36 Edg/122.0.0.",3.92
"Mozilla/5.0 (Windows NT 10.0; Win64; x64) AppleWebKit/537.36 (KHTML, like Gecko) Chrome/122.0.0.0 Safari/537.36 Agency/93.8.2357.5",3.92
"Mozilla/5.0 (Windows NT 10.0; Win64; x64) AppleWebKit/537.36 (KHTML, like Gecko) Chrome/121.0.0.0 Safari/537.36 OPR/107.0.0.",3.92
"Mozilla/5.0 (Windows NT 10.0; Win64; x64) AppleWebKit/537.36 (KHTML, like Gecko) Chrome/109.0.0.0 Safari/537.3",3.92
Mozilla/5.0 (Windows NT 10.0; Win64; x64; rv:123.0) Gecko/20100101 Firefox/123.,3.14
Mozilla/5.0 (Windows NT 10.0; Win64; x64; rv:103.0) Gecko/20100101 Firefox/103.,1.57
"Mozilla/5.0 (X11; CrOS x86_64 14541.0.0) AppleWebKit/537.36 (KHTML, like Gecko) Chrome/121.0.0.0 Safari/537.3",0.78
Mozilla/5.0 (Windows NT 6.3; Win64; x64; rv:109.0) Gecko/20100101 Firefox/115.,0.78
"Mozilla/5.0 (Windows NT 10.0; Win64; x64) AppleWebKit/537.36 (KHTML, like Gecko) Chrome/120.0.0.0 Safari/537.36 Viewer/99.9.8853.8",0.78
Mozilla/5.0 (Windows NT 6.1; Win64; x64; rv:109.0) Gecko/20100101 Firefox/115.,0.78
"Mozilla/5.0 (Windows NT 10.0; Win64; x64) AppleWebKit/537.36 (KHTML, like Gecko) Chrome/121.0.0.0 Safari/537.3",0.78
"Mozilla/5.0 (Linux; Android 10; K) AppleWebKit/537.36 (KHTML, like Gecko) Chrome/122.0.0.0 Mobile Safari/537.3",59.3
"Mozilla/5.0 (iPhone; CPU iPhone OS 17_3_1 like Mac OS X) AppleWebKit/605.1.15 (KHTML, like Gecko) Version/17.3.1 Mobile/15E148 Safari/604.",13.37
"Mozilla/5.0 (Linux; Android 10; K) AppleWebKit/537.36 (KHTML, like Gecko) Chrome/121.0.0.0 Mobile Safari/537.3",2.91
"Mozilla/5.0 (Linux; Android 9; JAT-L41) AppleWebKit/537.36 (KHTML, like Gecko) Chrome/84.0.4147.125 Mobile Safari/537.3",2.91
"Mozilla/5.0 (Linux; U; Android 13; sk-sk; Xiaomi 11T Pro Build/TKQ1.220829.002) AppleWebKit/537.36 (KHTML, like Gecko) Version/4.0 Chrome/112.0.5615.136 Mobile Safari/537.36 XiaoMi/MiuiBrowser/14.4.0-g",2.91
"Mozilla/5.0 (Linux; Android 14; SM-S901B) AppleWebKit/537.36 (KHTML, like Gecko) Chrome/120.0.6099.280 Mobile Safari/537.36 OPR/80.4.4244.7786",1.16
"Mozilla/5.0 (Linux; Android 10; SNE-LX1) AppleWebKit/537.36 (KHTML, like Gecko) Chrome/120.0.6099.280 Mobile Safari/537.36 OPR/80.4.4244.7786",1.16
"Mozilla/5.0 (iPhone; CPU iPhone OS 16_7_5 like Mac OS X) AppleWebKit/605.1.15 (KHTML, like Gecko) Version/16.6 Mobile/15E148 Safari/604.",1.16
"Mozilla/5.0 (iPhone; CPU iPhone OS 17_1_2 like Mac OS X) AppleWebKit/605.1.15 (KHTML, like Gecko) Version/17.1.2 Mobile/15E148 Safari/604.",1.16
"Mozilla/5.0 (Linux; Android 10; K) AppleWebKit/537.36 (KHTML, like Gecko) SamsungBrowser/24.0 Chrome/117.0.0.0 Mobile Safari/537.3",1.16
"Mozilla/5.0 (iPhone; CPU iPhone OS 17_3 like Mac OS X) AppleWebKit/605.1.15 (KHTML, like Gecko) CriOS/122.0.6261.89 Mobile/15E148 Safari/604.",1.16
"Mozilla/5.0 (Linux; Android 10; ELE-L29) AppleWebKit/537.36 (KHTML, like Gecko) Chrome/120.0.6099.280 Mobile Safari/537.36 OPR/80.4.4244.7786",1.16
"Mozilla/5.0 (Linux; Android 10; SAMSUNG SM-G980F) AppleWebKit/537.36 (KHTML, like Gecko) SamsungBrowser/22.0 Chrome/111.0.5563.116 Mobile Safari/537.3",1.16
"Mozilla/5.0 (iPhone; CPU iPhone OS 17_3 like Mac OS X) AppleWebKit/605.1.15 (KHTML, like Gecko) GSA/305.1.610629488 Mobile/15E148 Safari/604.",0.58
"Mozilla/5.0 (iPhone; CPU iPhone OS 15_6 like Mac OS X) AppleWebKit/605.1.15 (KHTML, like Gecko) CriOS/122.0.6261.89 Mobile/15E148 Safari/604.",0.58
"Mozilla/5.0 (iPhone; CPU iPhone OS 17_3 like Mac OS X) AppleWebKit/605.1.15 (KHTML, like Gecko) Version/17.3 Mobile/15E148 Safari/604.",0.58
"Mozilla/5.0 (iPhone; CPU iPhone OS 16_3 like Mac OS X) AppleWebKit/605.1.15 (KHTML, like Gecko) CriOS/122.0.6261.89 Mobile/15E148 Safari/604.",0.58
"Mozilla/5.0 (iPhone; CPU iPhone OS 17_2_1 like Mac OS X) AppleWebKit/605.1.15 (KHTML, like Gecko) Version/17.2 Mobile/15E148 Safari/604.",0.58
"Mozilla/5.0 (iPhone; CPU iPhone OS 15_7 like Mac OS X) AppleWebKit/605.1.15 (KHTML, like Gecko) GSA/305.1.610629488 Mobile/15E148 Safari/604.",0.58
"Mozilla/5.0 (Linux; Android 10; K) AppleWebKit/537.36 (KHTML, like Gecko) Chrome/119.0.0.0 Mobile Safari/537.3",0.58
"Mozilla/5.0 (Linux; Android 9; SAMSUNG SM-G390F) AppleWebKit/537.36 (KHTML, like Gecko) SamsungBrowser/23.0 Chrome/115.0.0.0 Mobile Safari/537.3",0.58
"Mozilla/5.0 (Linux; Android 7.0; SM-G930V Build/NRD90M) AppleWebKit/537.36 (KHTML, like Gecko) Chrome/59.0.3071.125 Mobile Safari/537.36 (compatible; Google-Read-Aloud; +https://support.google.com/webmasters/answer/1061943",0.58
"Mozilla/5.0 (Linux; Android 14; SAMSUNG SM-S916B) AppleWebKit/537.36 (KHTML, like Gecko) SamsungBrowser/23.0 Chrome/115.0.0.0 Mobile Safari/537.3",0.58
"Mozilla/5.0 (Linux; Android 14; SAMSUNG SM-S901B) AppleWebKit/537.36 (KHTML, like Gecko) SamsungBrowser/23.0 Chrome/115.0.0.0 Mobile Safari/537.3",0.58
"Mozilla/5.0 (Linux; Android 13; SAMSUNG SM-G980F) AppleWebKit/537.36 (KHTML, like Gecko) SamsungBrowser/23.0 Chrome/115.0.0.0 Mobile Safari/537.3",0.58
"Mozilla/5.0 (Linux; Android 12; SAMSUNG SM-G991B) AppleWebKit/537.36 (KHTML, like Gecko) SamsungBrowser/23.0 Chrome/115.0.0.0 Mobile Safari/537.3",0.58
"Mozilla/5.0 (Linux; Android 12; SAMSUNG SM-A415F) AppleWebKit/537.36 (KHTML, like Gecko) SamsungBrowser/23.0 Chrome/115.0.0.0 Mobile Safari/537.3",0.58
"Mozilla/5.0 (Linux; Android 11; moto e20 Build/RONS31.267-94-14) AppleWebKit/537.36 (KHTML, like Gecko) Chrome/122.0.6261.64 Mobile Safari/537.3",0.58
Mozilla/5.0 (Android 14; Mobile; rv:123.0) Gecko/123.0 Firefox/123.,0.58
